Code	NameZh	CategoryZh	Note
ItFo_Potion_Mana_01	魔法能量精华液	药水	已验证增删
ItAt_Amulet_Brotherhood	兄弟会标志护符	护身符	已验证删除
ItMi_Orenugget	矿石	货币	CT确认
ItAt_Amulet_Dexterity_01	敏捷护符	护身符	THGL候选|item_it_at_amulet_dexterity_01
ItAt_Amulet_Dexterity_02	灵巧护符	护身符	THGL候选|item_it_at_amulet_dexterity_02
ItAt_Amulet_Enlight	启蒙护符	护身符	THGL候选|item_it_at_amulet_enlight
ItAt_Amulet_Fire	火焰护符	护身符	THGL候选|item_it_at_amulet_fire
ItAt_Amulet_Innos	伊诺斯之恩典	护身符	THGL候选|item_it_at_amulet_innos
ItAt_Amulet_Life	生命力护符	护身符	THGL候选|item_it_at_amulet_life
ItAt_Amulet_Magic_01	魔法护符	护身符	THGL候选|item_it_at_amulet_magic_01
ItAt_Amulet_Magic_02	精神力护符	护身符	THGL候选|item_it_at_amulet_magic_02
ItAt_Amulet_Magicfire	净化护符	护身符	THGL候选|item_it_at_amulet_magicfire
ItAt_Amulet_Neks	亡灵守卫护符	护身符	THGL候选|item_it_at_amulet_neks
ItAt_Amulet_Orc	兽族护身符	护身符	THGL候选|item_it_at_amulet_orc
ItAt_Amulet_OrcMummy	兽人葬仪护符	护身符	THGL候选|item_it_at_amulet_orc_mummy
ItAt_Amulet_Power	伟大护符	护身符	THGL候选|item_it_at_amulet_power
ItAt_Amulet_Projectile	橡木皮肤护符	护身符	THGL候选|item_it_at_amulet_projectile
ItAt_Amulet_Protection	矿石皮肤护符	护身符	THGL候选|item_it_at_amulet_protection
ItAt_Amulet_Ranged	石头皮肤护符	护身符	THGL候选|item_it_at_amulet_ranged
ItAt_Amulet_Strong_01	威力护符	护身符	THGL候选|item_it_at_amulet_strong_01
ItAt_Amulet_Strong_02	力量护符	护身符	THGL候选|item_it_at_amulet_strong_02
ItAt_Amulet_Ulu_Talisman	奇怪的护符	护身符	THGL候选|item_it_at_amulet_ulu_talisman
ItAt_Amulet_Water	水法师信使护符	护身符	THGL候选|item_it_at_amulet_water
ItAt_Amulet_Weapon	铠甲护符	护身符	THGL候选|item_it_at_amulet_weapon
Crw_Armor_H	爬虫板甲	护甲	THGL候选|item_crw_armor_h
Dmb_Armor_M	黑暗法术长袍	护甲	THGL候选|item_dmb_armor_m
Ebr_Armor_H_01	葛梅兹的铠甲	护甲	THGL候选|item_ebr_armor_h_01
Ebr_Armor_H_02	矿石男爵重铠甲	护甲	THGL候选|item_ebr_armor_h_02
Ebr_Armor_M	王国礼袍	护甲	THGL候选|item_ebr_armor_m
Gur_Armor_H	高级导师长袍	护甲	THGL候选|item_gur_armor_h
Gur_Armor_M	导师长袍	护甲	THGL候选|item_gur_armor_m
Kdf_Armor_H	高级火之长袍	护甲	THGL候选|item_kdf_armor_h
Kdf_Armor_L	火之长袍	护甲	THGL候选|item_kdf_armor_l
Kdw_Armor_H	高级水之长袍	护甲	THGL候选|item_kdw_armor_h
Kdw_Armor_L	水之长袍	护甲	THGL候选|item_kdw_armor_l
Law_Armor	法官长袍	护甲	THGL候选|item_law_armor
Ore_Armor_H	改良矿石铠甲	护甲	THGL候选|item_ore_armor_h
Ore_Armor_M	古代矿石铠甲	护甲	THGL候选|item_ore_armor_m
Sfb_Armor_L	矿工装	护甲	THGL候选|item_sfb_armor_l
Vlk_Armor_L	轻薄矿工长裤	护甲	THGL候选|item_vlk_armor_l
Vlk_Armor_M	矿工长裤	护甲	THGL候选|item_vlk_armor_m
ItFo_SeaforestBrew	海林秘酿	食物	THGL候选|item_it_fo_seaforest_brew
ItAt_Meatbug_01	虫肉	食物	THGL候选|item_it_at_meatbug_01
ItFo_Apple	苹果	食物	THGL候选|item_it_fo_apple
ItFo_Cabbage	卷心菜	食物	THGL候选|item_it_fo_cabbage
ItFo_Carrot	胡萝卜	食物	THGL候选|item_it_fo_carrot
ItFo_Cheese	奶酪	食物	THGL候选|item_it_fo_cheese
ItFo_Crawlersoup	爬矿虫汤	食物	THGL候选|item_it_fo_crawlersoup
ItFo_DragonsbreathStew	龙息炖菜	食物	THGL候选|item_it_fo_dragonsbreath_stew
ItFo_Grilledscavenger	烤食尸鸟肉	食物	THGL候选|item_it_fo_grilledscavenger
ItFo_Lemon	柠檬	食物	THGL候选|item_it_fo_lemon
ItFo_Loaf	面包	食物	THGL候选|item_it_fo_loaf
ItFo_Meatbugragout	肉甲虫炖肉	食物	THGL候选|item_it_fo_meatbugragout
ItFo_Meatbugsauteed	香煎肉甲虫	食物	THGL候选|item_it_fo_meatbugsauteed
ItFo_MushroomStew	蘑菇炖菜	食物	THGL候选|item_it_fo_mushroom_stew
ItFo_Mutton_01	烤肉	食物	THGL候选|item_it_fo_mutton_01
ItFo_Mutton_02	火腿	食物	THGL候选|item_it_fo_mutton_02
ItFo_Muttonraw	生肉	食物	THGL候选|item_it_fo_muttonraw
ItFo_Onion	洋葱	食物	THGL候选|item_it_fo_onion
ItFo_Ottostew	布洛克的招牌炖菜	食物	THGL候选|item_it_fo_ottostew
ItFo_Pear	梨	食物	THGL候选|item_it_fo_pear
ItFo_Potato	土豆	食物	THGL候选|item_it_fo_potato
ItFo_Potion_Beer	啤酒	食物	THGL候选|item_it_fo_potion_beer
ItFo_Potion_Booze	米酒	食物	THGL候选|item_it_fo_potion_booze
ItFo_Potion_Strongbeer	浓啤酒	食物	THGL候选|item_it_fo_potion_strongbeer
ItFo_Potion_Water_01	水	食物	THGL候选|item_it_fo_potion_water_01
ItFo_Potion_Wine	葡萄酒	食物	THGL候选|item_it_fo_potion_wine
ItFo_Rice	米	食物	THGL候选|item_it_fo_rice
ItFo_Sausage	香肠	食物	THGL候选|item_it_fo_sausage
ItFo_Soup	根汤	食物	THGL候选|item_it_fo_soup
ItFo_SyraRecipe	希拉的男爵炖汤	食物	THGL候选|item_it_fo_syra_recipe
ItFo_Whitemeat	生白肉	食物	THGL候选|item_it_fo_whitemeat
ItFo_Wineberrys_01	葡萄	食物	THGL候选|item_it_fo_wineberrys_01
ItFo_Plants_Berrys_01	野浆果	草本植物	THGL候选|item_it_fo_plants_berrys_01
ItFo_Plants_Bloodwood_01	铜山毛榉种子	草本植物	THGL候选|item_it_fo_plants_bloodwood_01
ItFo_Plants_Coral	赤棘草	草本植物	THGL候选|item_it_fo_plants_coral
ItFo_Plants_Darkshade	暗影	草本植物	THGL候选|item_it_fo_plants_darkshade
ItFo_Plants_Dewleaf	岩窟露叶	草本植物	THGL候选|item_it_fo_plants_dewleaf
ItFo_Plants_Duskbell	暮钟草	草本植物	THGL候选|item_it_fo_plants_duskbell
ItFo_Plants_Flameberry_01	烈焰棘果	草本植物	THGL候选|item_it_fo_plants_flameberry_01
ItFo_Plants_Herb_01	温和治疗草药	草本植物	THGL候选|item_it_fo_plants_herb_01
ItFo_Plants_Herb_02	治疗草药	草本植物	THGL候选|item_it_fo_plants_herb_02
ItFo_Plants_Herb_03	强效治疗草药	草本植物	THGL候选|item_it_fo_plants_herb_03
ItFo_Plants_Lobelia	皇潮藻	草本植物	THGL候选|item_it_fo_plants_lobelia
ItFo_Plants_Mistcap	雾冠菇	草本植物	THGL候选|item_it_fo_plants_mistcap
ItFo_Plants_Mountainmoss_01	山苔	草本植物	THGL候选|item_it_fo_plants_mountainmoss_01
ItFo_Plants_Mountainmoss_02	墓苔	草本植物	THGL候选|item_it_fo_plants_mountainmoss_02
ItFo_Plants_Mushroom_01	地狱菌	草本植物	THGL候选|item_it_fo_plants_mushroom_01
ItFo_Plants_Mushroom_02	奴隶的面包	草本植物	THGL候选|item_it_fo_plants_mushroom_02
ItFo_Plants_Nightshadow_01	茄科药草	草本植物	THGL候选|item_it_fo_plants_nightshadow_01
ItFo_Plants_Nightshadow_02	颠茄	草本植物	THGL候选|item_it_fo_plants_nightshadow_02
ItFo_Plants_Orcherb_01	橡树叶	草本植物	THGL候选|item_it_fo_plants_orcherb_01
ItFo_Plants_Orcherb_02	兽树叶	草本植物	THGL候选|item_it_fo_plants_orcherb_02
ItFo_Plants_OrcSpore	兽人孢子	草本植物	THGL候选|item_it_fo_plants_orc_spore
ItFo_Plants_Ravenherb_01	渡鸦药草	草本植物	THGL候选|item_it_fo_plants_ravenherb_01
ItFo_Plants_Ravenherb_02	暗色药草	草本植物	THGL候选|item_it_fo_plants_ravenherb_02
ItFo_Plants_Seraphis_01	塞拉菲斯草	草本植物	THGL候选|item_it_fo_plants_seraphis_01
ItFo_Plants_Siren	海妖发丝	草本植物	THGL候选|item_it_fo_plants_siren
ItFo_Plants_Stoneroot_01	石根	草本植物	THGL候选|item_it_fo_plants_stoneroot_01
ItFo_Plants_Stoneroot_02	龙根	草本植物	THGL候选|item_it_fo_plants_stoneroot_02
ItFo_Plants_Trollbane	巨魔克星荨麻	草本植物	THGL候选|item_it_fo_plants_trollbane
ItFo_Plants_Velayis_01	维拉丽丝草	草本植物	THGL候选|item_it_fo_plants_velayis_01
ItFo_Plants_Widow	寡妇面纱	草本植物	THGL候选|item_it_fo_plants_widow
ItMi_Joint_01	青涩入门	草本植物	THGL候选|item_it_mi_joint_01
ItMi_Joint_02	北方黑暗	草本植物	THGL候选|item_it_mi_joint_02
ItMi_Joint_03	梦之呼唤	草本植物	THGL候选|item_it_mi_joint_03
ItMi_Plants_Swampherb_01	沼泽烟草	草本植物	THGL候选|item_it_mi_plants_swampherb_01
ItKe_AbandonedGallery_01	陈列室钥匙	钥匙	THGL候选|item_it_ke_abandoned_gallery_01
ItKe_AbandonedMine_01	废弃矿井钥匙	钥匙	THGL候选|item_it_ke_abandoned_mine_01
ItKe_BanditCell	牢房钥匙	钥匙	THGL候选|item_it_ke_bandit_cell
ItKe_Berg_01	箱子钥匙	钥匙	THGL候选|item_it_ke_berg_01
ItKe_CaptainShip	船长室钥匙	钥匙	THGL候选|item_it_ke_captain_ship
ItKe_Cavalorn_01	卡瓦隆的钥匙	钥匙	THGL候选|item_it_ke_cavalorn_01
ItKe_CellarCages_01	地窖钥匙	钥匙	THGL候选|item_it_ke_cellar_cages_01
ItKe_Dungeonkey	地牢钥匙	钥匙	THGL候选|item_it_ke_dungeonkey
ItKe_FireMagesRoom	火法师的房间钥匙	钥匙	THGL候选|item_it_ke_fire_mages_room
ItKe_FiskStorage	菲斯克的储藏箱钥匙	钥匙	THGL候选|item_it_ke_fisk_storage
ItKe_Focus_04	钥匙	钥匙	THGL候选|item_it_ke_focus_04
ItKe_Focus_05	钥匙	钥匙	THGL候选|item_it_ke_focus_05
ItKe_FocusStone	Focus Stone	钥匙	THGL候选|item_it_ke_focus_stone
ItKe_Freemine	钥匙	钥匙	THGL候选|item_it_ke_freemine
ItKe_Gomez_01	葛梅兹的钥匙	钥匙	THGL候选|item_it_ke_gomez_01
ItKe_GomezCastleMaster	葛梅兹的主钥匙	钥匙	THGL候选|item_it_ke_gomez_castle_master
ItKe_GraveyardLever	兽人的杠杆	钥匙	THGL候选|item_it_ke_graveyard_lever
ItKe_Kalom_01	实验室钥匙	钥匙	THGL候选|item_it_ke_kalom_01
ItKe_LeeDoor	李的钥匙	钥匙	THGL候选|item_it_ke_lee_door
ItKe_LootCage_01	交易区钥匙	钥匙	THGL候选|item_it_ke_loot_cage_01
ItKe_MerchantCellarDoor	桑蒂诺的钥匙	钥匙	THGL候选|item_it_ke_merchant_cellar_door
ItKe_Om_02	箱子钥匙（阿伦）	钥匙	THGL候选|item_it_ke_om_02
ItKe_Om_03	箱子钥匙	钥匙	THGL候选|item_it_ke_om_03
ItKe_OrcGraveyard	兽人墓地钥匙	钥匙	THGL候选|item_it_ke_orc_graveyard
ItKe_OrcGraveyardPiece_01	半把钥匙	钥匙	THGL候选|item_it_ke_orc_graveyard_piece_01
ItKe_OrcGraveyardPiece_02	半把钥匙	钥匙	THGL候选|item_it_ke_orc_graveyard_piece_02
ItKe_Quentin_01	不法之徒藏宝洞钥匙	钥匙	THGL候选|item_it_ke_quentin_01
ItKe_RavenTower	瑞文的塔楼钥匙	钥匙	THGL候选|item_it_ke_raven_tower
ItKe_Ricelord_01	稻田主的钥匙	钥匙	THGL候选|item_it_ke_ricelord_01
ItKe_Smith_01	铁钥匙	钥匙	THGL候选|item_it_ke_smith_01
ItKe_Storage_01	储藏钥匙	钥匙	THGL候选|item_it_ke_storage_01
ItKe_Sunkentower	箱子钥匙	钥匙	THGL候选|item_it_ke_sunkentower
ItKe_TavernDoor	酒馆钥匙	钥匙	THGL候选|item_it_ke_tavern_door
ItKe_Tower_01	破塔钥匙	钥匙	THGL候选|item_it_ke_tower_01
ItAm_Arrow	箭	杂项	THGL候选|item_it_am_arrow
ItAm_Bolt	弩箭	杂项	THGL候选|item_it_am_bolt
ItKe_Lockpick	开锁工具	杂项	THGL候选|item_it_ke_lockpick
ItLs_Torch	火炬	杂项	THGL候选|item_it_ls_torch
ItLs_Torchburned	火炬（已用尽）	杂项	THGL候选|item_it_ls_torchburned
ItMi_Alchemy_Moleratlubric_01	鼹鼠油脂	杂项	THGL候选|item_it_mi_alchemy_moleratlubric_01
ItMi_Alchemy_Syranoil_01	西利安油	杂项	THGL候选|item_it_mi_alchemy_syranoil_01
ItMi_Candle_01	蜡烛	杂项	THGL候选|item_it_mi_candle_01
ItMi_Coop	木勺	杂项	THGL候选|item_it_mi_coop
ItMi_Hammer	锤	杂项	THGL候选|item_it_mi_hammer
ItMi_Inscription_Parchment	羊皮纸	杂项	THGL候选|item_it_mi_inscription_parchment
ItMi_JudgeHat	法官帽	杂项	THGL候选|item_it_mi_judge_hat
ItMi_Lute	鲁特琴	杂项	THGL候选|item_it_mi_lute
ItMi_Oldcoin_01	硬币	杂项	THGL候选|item_it_mi_oldcoin_01
ItMi_Specialjoint	准备好的梦之呼唤	杂项	THGL候选|item_it_mi_specialjoint
ItMi_Stomper	捣烟草器	杂项	THGL候选|item_it_mi_stomper
ItMi_Stuff_Alarmhorn	号角	杂项	THGL候选|item_it_mi_stuff_alarmhorn
ItMi_Stuff_Amphore_01	双耳瓶	杂项	THGL候选|item_it_mi_stuff_amphore_01
ItMi_Stuff_Barbknife_01	剃刀	杂项	THGL候选|item_it_mi_stuff_barbknife_01
ItMi_Stuff_Brush	刷子	杂项	THGL候选|item_it_mi_stuff_brush
ItMi_Stuff_Candlestick_01	烛台	杂项	THGL候选|item_it_mi_stuff_candlestick_01
ItMi_Stuff_Cup_01	平底杯	杂项	THGL候选|item_it_mi_stuff_cup_01
ItMi_Stuff_Cup_02	高脚杯	杂项	THGL候选|item_it_mi_stuff_cup_02
ItMi_Stuff_Gearwheel_01	齿轮	杂项	THGL候选|item_it_mi_stuff_gearwheel_01
ItMi_Stuff_Idologront_01	雕像	杂项	THGL候选|item_it_mi_stuff_idologront_01
ItMi_Stuff_Idolsleeper_01	塑像	杂项	THGL候选|item_it_mi_stuff_idolsleeper_01
ItMi_Stuff_Mug_01	壶	杂项	THGL候选|item_it_mi_stuff_mug_01
ItMi_Stuff_Pan_01	平底锅	杂项	THGL候选|item_it_mi_stuff_pan_01
ItMi_Stuff_Pipe_01	烟斗	杂项	THGL候选|item_it_mi_stuff_pipe_01
ItMi_Stuff_Plate_01	盘子	杂项	THGL候选|item_it_mi_stuff_plate_01
ItMi_Stuff_Silverware_01	餐具	杂项	THGL候选|item_it_mi_stuff_silverware_01
ItMi_UrizielGem_01	裂世	杂项	THGL候选|item_it_mi_uriziel_gem_01
ItMi_UrizielGem_02	启明	杂项	THGL候选|item_it_mi_uriziel_gem_02
ItMi_UrizielGem_03	时裂	杂项	THGL候选|item_it_mi_uriziel_gem_03
ItMi_UrizielGem_04	魔瞳	杂项	THGL候选|item_it_mi_uriziel_gem_04
ItMi_UrizielGem_05	镇石	杂项	THGL候选|item_it_mi_uriziel_gem_05
ItMi_Wedel	棕榈叶扇子	杂项	THGL候选|item_it_mi_wedel
ItMi_whistle	whistle	杂项	THGL候选|item_it_mi_whistle
ItMs_Ashes	伊·贝里恩的骨灰	杂项	THGL候选|item_it_ms_ashes
ItMs_Axe_Bran	布兰的斧头	杂项	THGL候选|item_it_ms_axe_bran
ItMs_Demonprank	恶魔袭击	杂项	THGL候选|item_it_ms_demonprank
ItMs_DraxHunterKnife	猎人的刀	杂项	THGL候选|item_it_ms_drax_hunter_knife
ItMs_ExplosionBarrel	爆炸物桶	杂项	THGL候选|item_it_ms_explosion_barrel
ItMs_ExplosionScroll	爆裂卷轴	杂项	THGL候选|item_it_ms_explosion_scroll
ItMs_FakeDiggerClothes	伪装用的矿工服	杂项	THGL候选|item_it_ms_fake_digger_clothes
ItMs_Focus_01	海上悬崖的聚魔石	杂项	THGL候选|item_it_ms_focus_01
ItMs_Focus_02	巨魔谷的聚魔石	杂项	THGL候选|item_it_ms_focus_02
ItMs_Focus_03	高山堡垒的聚魔石	杂项	THGL候选|item_it_ms_focus_03
ItMs_Focus_04	修道院遗迹的聚魔石	杂项	THGL候选|item_it_ms_focus_04
ItMs_Focus_05_FocusMachine	Focus_05_Focus Machine	杂项	THGL候选|item_it_ms_focus_05_focus_machine
ItMs_Focus_05	石圈的聚魔石	杂项	THGL候选|item_it_ms_focus_05
ItMs_Glossary	词汇表	杂项	THGL候选|item_it_ms_glossary
ItMs_Lightbringer	光辉之刃	杂项	THGL候选|item_it_ms_lightbringer
ItMs_Remedy	疗方	杂项	THGL候选|item_it_ms_remedy
ItMs_ScavengerWhistle	食尸鸟哨子	杂项	THGL候选|item_it_ms_scavenger_whistle
ItMs_Spellblade	放逐之刃	杂项	THGL候选|item_it_ms_spellblade
ItMS_SunkenTowerStone_01	塔楼之石 I	杂项	THGL候选|item_it_ms_sunken_tower_stone_01
ItMS_SunkenTowerStone_02	塔楼之石 II	杂项	THGL候选|item_it_ms_sunken_tower_stone_02
ItMs_Timeblade	时间之刃	杂项	THGL候选|item_it_ms_timeblade
ItMs_ToyMaker_000	木制玩具	杂项	THGL候选|item_it_ms_toy_maker_000
ItMs_ToyMaker_001	木制玩具	杂项	THGL候选|item_it_ms_toy_maker_001
ItMs_ToyMaker_005	木制玩具	杂项	THGL候选|item_it_ms_toy_maker_005
ItMs_ToyMaker_007	木制玩具	杂项	THGL候选|item_it_ms_toy_maker_007
ItMs_ToyMaker_009	木制玩具	杂项	THGL候选|item_it_ms_toy_maker_009
ItMs_ToyMaker_013	木制玩具	杂项	THGL候选|item_it_ms_toy_maker_013
ItMs_Uriziel	奇怪的剑	杂项	THGL候选|item_it_ms_uriziel
ItMs_Winch	分离的绞盘	杂项	THGL候选|item_it_ms_winch
ItMs_Worldsplitter	裂世者	杂项	THGL候选|item_it_ms_worldsplitter
ItFo_Potion_Dex_01	灵巧精华液	药水	THGL候选|item_it_fo_potion_dex_01
ItFo_Potion_Dex_02	灵巧萃取液	药水	THGL候选|item_it_fo_potion_dex_02
ItFo_Potion_Dex_03	灵巧神药	药水	THGL候选|item_it_fo_potion_dex_03
ItFo_Potion_Haste_01	迅捷药水	药水	THGL候选|item_it_fo_potion_haste_01
ItFo_Potion_Haste_02	速度药水	药水	THGL候选|item_it_fo_potion_haste_02
ItFo_Potion_Haste_03	加速药水	药水	THGL候选|item_it_fo_potion_haste_03
ItFo_Potion_Health_01	治疗精华液	药水	THGL候选|item_it_fo_potion_health_01
ItFo_Potion_Health_02	治疗萃取液	药水	THGL候选|item_it_fo_potion_health_02
ItFo_Potion_Health_03	治疗神药	药水	THGL候选|item_it_fo_potion_health_03
ItFo_Potion_Health_Perma_01	生命精华液	药水	THGL候选|item_it_fo_potion_health_perma_01
ItFo_Potion_Health_Perma_02	生命萃取液	药水	THGL候选|item_it_fo_potion_health_perma_02
ItFo_Potion_Health_Perma_03	生命神药	药水	THGL候选|item_it_fo_potion_health_perma_03
ItFo_Potion_Health_Quick	快速治疗药水	药水	THGL候选|item_it_fo_potion_health_quick
ItFo_Potion_Mana_02	魔法能量萃取液	药水	THGL候选|item_it_fo_potion_mana_02
ItFo_Potion_Mana_03	魔法能量神药	药水	THGL候选|item_it_fo_potion_mana_03
ItFo_Potion_Mana_Perma_01	精神精华液	药水	THGL候选|item_it_fo_potion_mana_perma_01
ItFo_Potion_Mana_Perma_02	精神萃取液	药水	THGL候选|item_it_fo_potion_mana_perma_02
ItFo_Potion_Mana_Perma_03	精神神药	药水	THGL候选|item_it_fo_potion_mana_perma_03
ItFo_Potion_Master_01	威力药水	药水	THGL候选|item_it_fo_potion_master_01
ItFo_Potion_Master_02	至尊药水	药水	THGL候选|item_it_fo_potion_master_02
ItFo_Potion_Orcmedicine	兽族药剂	药水	THGL候选|item_it_fo_potion_orcmedicine
ItFo_Potion_Strength_01	力量精华液	药水	THGL候选|item_it_fo_potion_strength_01
ItFo_Potion_Strength_02	力量萃取液	药水	THGL候选|item_it_fo_potion_strength_02
ItFo_Potion_Strength_03	力量神药	药水	THGL候选|item_it_fo_potion_strength_03
ItAt_Ring_Enlight	启蒙之戒	戒指	THGL候选|item_it_at_ring_enlight
ItAt_Ring_Fire_01	火焰防护之戒	戒指	THGL候选|item_it_at_ring_fire_01
ItAt_Ring_Fire_02	防火之戒	戒指	THGL候选|item_it_at_ring_fire_02
ItAt_Ring_Life_01	生命之戒	戒指	THGL候选|item_it_at_ring_life_01
ItAt_Ring_Life_02	强效生命之戒	戒指	THGL候选|item_it_at_ring_life_02
ItAt_Ring_Magic_01	魔法之戒	戒指	THGL候选|item_it_at_ring_magic_01
ItAt_Ring_Magic_02	精神力之戒	戒指	THGL候选|item_it_at_ring_magic_02
ItAt_Ring_Magic_03	防御之戒	戒指	THGL候选|item_it_at_ring_magic_03
ItAt_Ring_Magicfire_01	净化之戒	戒指	THGL候选|item_it_at_ring_magicfire_01
ItAt_Ring_Magicfire_02	无敌之戒	戒指	THGL候选|item_it_at_ring_magicfire_02
ItAt_Ring_Mordrag	莫德拉格的戒指	戒指	THGL候选|item_it_at_ring_mordrag
ItAt_Ring_Power	战士的威力之戒	戒指	THGL候选|item_it_at_ring_power
ItAt_Ring_Projectile_01	木皮肤之戒	戒指	THGL候选|item_it_at_ring_projectile_01
ItAt_Ring_Projectile_02	石头皮肤之戒	戒指	THGL候选|item_it_at_ring_projectile_02
ItAt_Ring_Ranged_01	坚定之戒	戒指	THGL候选|item_it_at_ring_ranged_01
ItAt_Ring_Ranged_02	弹劾之戒	戒指	THGL候选|item_it_at_ring_ranged_02
ItAt_Ring_Scatty	斯卡蒂的戒指	戒指	THGL候选|item_it_at_ring_scatty
ItAt_Ring_Skill_01	低效灵巧之戒	戒指	THGL候选|item_it_at_ring_skill_01
ItAt_Ring_Skill_02	强效灵巧之戒	戒指	THGL候选|item_it_at_ring_skill_02
ItAt_Ring_Strong_01	威力之戒	戒指	THGL候选|item_it_at_ring_strong_01
ItAt_Ring_Strong_02	强壮之戒	戒指	THGL候选|item_it_at_ring_strong_02
ItAt_Ring_Total_01	低效无敌之戒	戒指	THGL候选|item_it_at_ring_total_01
ItAt_Ring_Total_02	强效无敌之戒	戒指	THGL候选|item_it_at_ring_total_02
ItAt_Ring_Weapon_01	铁皮肤之戒	戒指	THGL候选|item_it_at_ring_weapon_01
ItAt_Ring_Weapon_02	矿石皮肤之戒	戒指	THGL候选|item_it_at_ring_weapon_02
ItAr_Rune_BallLightning	球状闪电	符石	THGL候选|item_it_ar_rune_ball_lightning
ItAr_Rune_BreathOfDeath	死亡之息	符石	THGL候选|item_it_ar_rune_breath_of_death
ItAr_Rune_ChainLightning	连锁闪电	符石	THGL候选|item_it_ar_rune_chain_lightning
ItAr_Rune_Charm	魅惑	符石	THGL候选|item_it_ar_rune_charm
ItAr_Rune_Control	控制	符石	THGL候选|item_it_ar_rune_control
ItAr_Rune_DeathToTheUndead	灭杀亡灵	符石	THGL候选|item_it_ar_rune_death_to_the_undead
ItAr_Rune_FireBall	火球	符石	THGL候选|item_it_ar_rune_fire_ball
ItAr_Rune_FireBolt	火焰箭	符石	THGL候选|item_it_ar_rune_fire_bolt
ItAr_Rune_FireRain	火雨	符石	THGL候选|item_it_ar_rune_fire_rain
ItAr_Rune_FistOfWind	风之拳	符石	THGL候选|item_it_ar_rune_fist_of_wind
ItAr_Rune_Heal	治疗	符石	THGL候选|item_it_ar_rune_heal
ItAr_Rune_IceBlock	冰块	符石	THGL候选|item_it_ar_rune_ice_block
ItAr_Rune_IceBolt	冰箭	符石	THGL候选|item_it_ar_rune_ice_bolt
ItAr_Rune_IceWave	寒冰波浪	符石	THGL候选|item_it_ar_rune_ice_wave
ItAr_Rune_Light	亮光	符石	THGL候选|item_it_ar_rune_light
ItAr_Rune_Pyrokinesis	意念控火	符石	THGL候选|item_it_ar_rune_pyrokinesis
ItAr_Rune_Sleep	催眠	符石	THGL候选|item_it_ar_rune_sleep
ItAr_Rune_StormFist	风暴之拳	符石	THGL候选|item_it_ar_rune_storm_fist
ItAr_Rune_StormOfFire	烈火风暴	符石	THGL候选|item_it_ar_rune_storm_of_fire
ItAr_Rune_Telekinesis	念力	符石	THGL候选|item_it_ar_rune_telekinesis
ItAr_Rune_TeleportToMagiciansOfFire	传送至火法师	符石	THGL候选|item_it_ar_rune_teleport_to_magicians_of_fire
ItAr_Rune_TeleportToMagiciansOfWater	传送至水法师	符石	THGL候选|item_it_ar_rune_teleport_to_magicians_of_water
ItAr_Rune_TeleportToNecromancer	传送至死灵法师	符石	THGL候选|item_it_ar_rune_teleport_to_necromancer
ItAr_Rune_TeleportToSunkenTower	“传送至沉没的塔”符文	符石	THGL候选|item_it_ar_rune_teleport_to_sunken_tower
ItAr_Rune_TeleportToSwampCamp	传送至沼泽营地	符石	THGL候选|item_it_ar_rune_teleport_to_swamp_camp
ItAr_Rune_Uriziel	Rune_Uriziel	符石	THGL候选|item_it_ar_rune_uriziel
ItAr_Rune_UrizielWaveOfDeath	尤里泽尔的死亡波浪	符石	THGL候选|item_it_ar_rune_uriziel_wave_of_death
ItAr_Scroll_BallLightning	球状闪电	卷轴	THGL候选|item_it_ar_scroll_ball_lightning
ItAr_Scroll_ChainLightning	连锁闪电	卷轴	THGL候选|item_it_ar_scroll_chain_lightning
ItAr_Scroll_Charm	魅惑	卷轴	THGL候选|item_it_ar_scroll_charm
ItAr_Scroll_Control	控制	卷轴	THGL候选|item_it_ar_scroll_control
ItAr_Scroll_DeathToTheUndead	灭杀亡灵	卷轴	THGL候选|item_it_ar_scroll_death_to_the_undead
ItAr_Scroll_Fear	恐惧	卷轴	THGL候选|item_it_ar_scroll_fear
ItAr_Scroll_FireBall	火球	卷轴	THGL候选|item_it_ar_scroll_fire_ball
ItAr_Scroll_FireBolt	火焰箭	卷轴	THGL候选|item_it_ar_scroll_fire_bolt
ItAr_Scroll_FireRain	火雨	卷轴	THGL候选|item_it_ar_scroll_fire_rain
ItAr_Scroll_FistOfWind	风之拳	卷轴	THGL候选|item_it_ar_scroll_fist_of_wind
ItAr_Scroll_Heal	治疗	卷轴	THGL候选|item_it_ar_scroll_heal
ItAr_Scroll_IceBlock	冰块	卷轴	THGL候选|item_it_ar_scroll_ice_block
ItAr_Scroll_IceBolt	冰箭	卷轴	THGL候选|item_it_ar_scroll_ice_bolt
ItAr_Scroll_IceWave	寒冰波浪	卷轴	THGL候选|item_it_ar_scroll_ice_wave
ItAr_Scroll_InnosPray	向伊诺斯祈祷	卷轴	THGL候选|item_it_ar_scroll_innos_pray
ItAr_Scroll_Light	亮光	卷轴	THGL候选|item_it_ar_scroll_light
ItAr_Scroll_Pyrokinesis	控火	卷轴	THGL候选|item_it_ar_scroll_pyrokinesis
ItAr_Scroll_Shrink	缩小怪物	卷轴	THGL候选|item_it_ar_scroll_shrink
ItAr_Scroll_Sleep	催眠	卷轴	THGL候选|item_it_ar_scroll_sleep
ItAr_Scroll_StormFist	风暴之拳	卷轴	THGL候选|item_it_ar_scroll_storm_fist
ItAr_Scroll_StormOfFire	烈火风暴	卷轴	THGL候选|item_it_ar_scroll_storm_of_fire
ItAr_Scroll_SummonArmyOfDarkness	召唤黑暗军团	卷轴	THGL候选|item_it_ar_scroll_summon_army_of_darkness
ItAr_Scroll_SummonDemon	召唤恶魔	卷轴	THGL候选|item_it_ar_scroll_summon_demon
ItAr_Scroll_SummonGolem	召唤魔像	卷轴	THGL候选|item_it_ar_scroll_summon_golem
ItAr_Scroll_SummonSkeletons	召唤骷髅	卷轴	THGL候选|item_it_ar_scroll_summon_skeletons
ItAr_Scroll_Telekinesis	念力	卷轴	THGL候选|item_it_ar_scroll_telekinesis
ItAr_Scroll_TransformBiter	变身为撕咬怪	卷轴	THGL候选|item_it_ar_scroll_transform_biter
ItAr_Scroll_TransformBloodfly	变身为血蝇	卷轴	THGL候选|item_it_ar_scroll_transform_bloodfly
ItAr_Scroll_TransformBloodhound	变身为寻血猎犬	卷轴	THGL候选|item_it_ar_scroll_transform_bloodhound
ItAr_Scroll_TransformFireLizard	变身为火蜥蜴	卷轴	THGL候选|item_it_ar_scroll_transform_fire_lizard
ItAr_Scroll_TransformHarpy	变身为鹰身女妖	卷轴	THGL候选|item_it_ar_scroll_transform_harpy
ItAr_Scroll_TransformLizard	变身为蜥蜴	卷轴	THGL候选|item_it_ar_scroll_transform_lizard
ItAr_Scroll_TransformLurker	滚动变身为潜伏兽	卷轴	THGL候选|item_it_ar_scroll_transform_lurker
ItAr_Scroll_TransformMeatbug	变身为肉虫	卷轴	THGL候选|item_it_ar_scroll_transform_meatbug
ItAr_Scroll_TransformMinecrawler	变身为爬矿虫	卷轴	THGL候选|item_it_ar_scroll_transform_minecrawler
ItAr_Scroll_TransformMolerat	变身为鼹鼠	卷轴	THGL候选|item_it_ar_scroll_transform_molerat
ItAr_Scroll_TransformOrcDog	变身为兽族犬	卷轴	THGL候选|item_it_ar_scroll_transform_orc_dog
ItAr_Scroll_TransformRazor	变身为剃刀兽	卷轴	THGL候选|item_it_ar_scroll_transform_razor
ItAr_Scroll_TransformScavenger	变身为食尸鸟	卷轴	THGL候选|item_it_ar_scroll_transform_scavenger
ItAr_Scroll_TransformShadowbeast	变身为暗影兽	卷轴	THGL候选|item_it_ar_scroll_transform_shadowbeast
ItAr_Scroll_TransformSnapper	滚动变身为狂暴兽	卷轴	THGL候选|item_it_ar_scroll_transform_snapper
ItAr_Scroll_TransformSwampshark	变身为沼鲨	卷轴	THGL候选|item_it_ar_scroll_transform_swampshark
ItAr_Scroll_TransformWolf	变身为狼	卷轴	THGL候选|item_it_ar_scroll_transform_wolf
ItMw_1H_Axe_01	斧头	单手武器	THGL候选|item_it_mw_1h_axe_01
ItMw_1H_Axe_02	裂颅斧	单手武器	THGL候选|item_it_mw_1h_axe_02
ItMw_1H_Axe_03	碎骨斧	单手武器	THGL候选|item_it_mw_1h_axe_03
ItMw_1H_Axe_Bran	蓝色手柄斧头	单手武器	THGL候选|item_it_mw_1h_axe_bran
ItMw_1H_Axe_Cord	寇德的裂石斧	单手武器	THGL候选|item_it_mw_1h_axe_cord
ItMw_1H_Axe_Hatchet_01	手斧	单手武器	THGL候选|item_it_mw_1h_axe_hatchet_01
ItMw_1H_Axe_Lares	赖瑞斯的斧头	单手武器	THGL候选|item_it_mw_1h_axe_lares
ItMw_1H_Axe_Old_01	凋零斧	单手武器	THGL候选|item_it_mw_1h_axe_old_01
ItMw_1H_Axe_Sickle_01	镰刀	单手武器	THGL候选|item_it_mw_1h_axe_sickle_01
ItMw_1H_Axe_Silas	塞拉斯的斧头	单手武器	THGL候选|item_it_mw_1h_axe_silas
ItMw_1H_Mace_01	流星锤	单手武器	THGL候选|item_it_mw_1h_mace_01
ItMw_1H_Mace_02	尖刺钉头锤	单手武器	THGL候选|item_it_mw_1h_mace_02
ItMw_1H_Mace_03	血蝇刺锤	单手武器	THGL候选|item_it_mw_1h_mace_03
ItMw_1H_Mace_04	钢舌锤	单手武器	THGL候选|item_it_mw_1h_mace_04
ItMw_1H_Mace_Club_01	棍棒	单手武器	THGL候选|item_it_mw_1h_mace_club_01
ItMw_1H_Mace_Fortuno	弗图诺的棍棒	单手武器	THGL候选|item_it_mw_1h_mace_fortuno
ItMw_1H_Mace_Lester	莱斯特的调解棒	单手武器	THGL候选|item_it_mw_1h_mace_lester
ItMw_1H_Mace_Light_01	棒（轻型钉头锤）	单手武器	THGL候选|item_it_mw_1h_mace_light_01
ItMw_1H_Mace_Nailmace_01	钉棍棒	单手武器	THGL候选|item_it_mw_1h_mace_nailmace_01
ItMw_1H_Mace_Namib	纳米卜的棍棒	单手武器	THGL候选|item_it_mw_1h_mace_namib
ItMw_1H_Mace_Orun	奥润的棍棒	单手武器	THGL候选|item_it_mw_1h_mace_orun
ItMw_1H_Mace_Poker_01	拨火棍	单手武器	THGL候选|item_it_mw_1h_mace_poker_01
ItMw_1H_Mace_Sledgehammer_01	铁匠锤	单手武器	THGL候选|item_it_mw_1h_mace_sledgehammer_01
ItMw_1H_Mace_War_01	钉头锤	单手武器	THGL候选|item_it_mw_1h_mace_war_01
ItMw_1H_Mace_War_02	钢钉头锤	单手武器	THGL候选|item_it_mw_1h_mace_war_02
ItMw_1H_Mace_War_03	碎石锤	单手武器	THGL候选|item_it_mw_1h_mace_war_03
ItMw_1H_Mace_Warhammer_01	兽族锤	单手武器	THGL候选|item_it_mw_1h_mace_warhammer_01
ItMw_1H_Mace_Warhammer_02	战锤	单手武器	THGL候选|item_it_mw_1h_mace_warhammer_02
ItMw_1H_Mace_Warhammer_03	神之锤	单手武器	THGL候选|item_it_mw_1h_mace_warhammer_03
ItMw_1H_Sword_01	粗剑	单手武器	THGL候选|item_it_mw_1h_sword_01
ItMw_1H_Sword_02	审判之剑	单手武器	THGL候选|item_it_mw_1h_sword_02
ItMw_1H_Sword_03	守卫之剑	单手武器	THGL候选|item_it_mw_1h_sword_03
ItMw_1H_Sword_04	战斗剑	单手武器	THGL候选|item_it_mw_1h_sword_04
ItMw_1H_Sword_05	战争之剑	单手武器	THGL候选|item_it_mw_1h_sword_05
ItMw_1H_Sword_Arto	阿托斯之剑	单手武器	THGL候选|item_it_mw_1h_sword_arto
ItMw_1H_Sword_Bastard_01	生锈的变种剑	单手武器	THGL候选|item_it_mw_1h_sword_bastard_01
ItMw_1H_Sword_Bastard_02	屠夫剑	单手武器	THGL候选|item_it_mw_1h_sword_bastard_02
ItMw_1H_Sword_Bastard_03	执行之剑	单手武器	THGL候选|item_it_mw_1h_sword_bastard_03
ItMw_1H_Sword_Bastard_04	狂战士之剑	单手武器	THGL候选|item_it_mw_1h_sword_bastard_04
ItMw_1H_Sword_Broad_01	阔剑	单手武器	THGL候选|item_it_mw_1h_sword_broad_01
ItMw_1H_Sword_Broad_02	战士裁决之剑	单手武器	THGL候选|item_it_mw_1h_sword_broad_02
ItMw_1H_Sword_Broad_03	风暴低语	单手武器	THGL候选|item_it_mw_1h_sword_broad_03
ItMw_1H_Sword_Broad_04	守卫之手	单手武器	THGL候选|item_it_mw_1h_sword_broad_04
ItMw_1H_Sword_Kalom	卡隆的剑	单手武器	THGL候选|item_it_mw_1h_sword_kalom
ItMw_1H_Sword_Lightguard_01	轻装守卫之剑	单手武器	THGL候选|item_it_mw_1h_sword_lightguard_01
ItMw_1H_Sword_Long_01	长剑	单手武器	THGL候选|item_it_mw_1h_sword_long_01
ItMw_1H_Sword_Long_02	恐惧之剑	单手武器	THGL候选|item_it_mw_1h_sword_long_02
ItMw_1H_Sword_Long_03	憎恨之剑	单手武器	THGL候选|item_it_mw_1h_sword_long_03
ItMw_1H_Sword_Long_04	胜利之剑	单手武器	THGL候选|item_it_mw_1h_sword_long_04
ItMw_1H_Sword_Long_05	死亡之剑	单手武器	THGL候选|item_it_mw_1h_sword_long_05
ItMw_1H_Sword_Old_01	生锈的剑	单手武器	THGL候选|item_it_mw_1h_sword_old_01
ItMw_1H_Sword_Old_02	旧剑	单手武器	THGL候选|item_it_mw_1h_sword_old_02
ItMw_1H_Sword_Paw	利爪之拳	单手武器	THGL候选|item_it_mw_1h_sword_paw
ItMw_1H_Sword_Raven	瑞文的权剑	单手武器	THGL候选|item_it_mw_1h_sword_raven
ItMw_1H_Sword_Scar	斯卡尔的剑	单手武器	THGL候选|item_it_mw_1h_sword_scar
ItMw_1H_Sword_Scythe_01	切割镰刀	单手武器	THGL候选|item_it_mw_1h_sword_scythe_01
ItMw_1H_Sword_Short_01	短剑	单手武器	THGL候选|item_it_mw_1h_sword_short_01
ItMw_1H_Sword_Short_02	农夫护身剑	单手武器	THGL候选|item_it_mw_1h_sword_short_02
ItMw_1H_Sword_Short_03	潜伏兽之咬	单手武器	THGL候选|item_it_mw_1h_sword_short_03
ItMw_1H_Sword_Short_04	创伤之棘	单手武器	THGL候选|item_it_mw_1h_sword_short_04
ItMw_1H_Sword_Short_05	矿工之律	单手武器	THGL候选|item_it_mw_1h_sword_short_05
ItMw_1H_Sword_Whistler	惠斯勒的剑	单手武器	THGL候选|item_it_mw_1h_sword_whistler
ItMw_1H_Torch	火炬	单手武器	THGL候选|item_it_mw_1h_torch
ItMw_2H_Axe_Gorn	高恩的复仇	双手武器	THGL候选|item_it_mw_2h_axe_gorn
ItMw_2H_Axe_Heavy_01	战斧	双手武器	THGL候选|item_it_mw_2h_axe_heavy_01
ItMw_2H_Axe_Heavy_02	战士之声	双手武器	THGL候选|item_it_mw_2h_axe_heavy_02
ItMw_2H_Axe_Heavy_03	野蛮人之拳	双手武器	THGL候选|item_it_mw_2h_axe_heavy_03
ItMw_2H_Axe_Heavy_04	巨魔之拳	双手武器	THGL候选|item_it_mw_2h_axe_heavy_04
ItMw_2H_Axe_Lee	李的斧头	双手武器	THGL候选|item_it_mw_2h_axe_lee
ItMw_2H_Axe_Light_01	轻战斧	双手武器	THGL候选|item_it_mw_2h_axe_light_01
ItMw_2H_Axe_Light_02	雷霆之斧	双手武器	THGL候选|item_it_mw_2h_axe_light_02
ItMw_2H_Axe_Light_03	粉碎之斧	双手武器	THGL候选|item_it_mw_2h_axe_light_03
ItMw_2H_Axe_Old_01	旧战斧	双手武器	THGL候选|item_it_mw_2h_axe_old_01
ItMw_2H_Axe_Old_02	割血斧	双手武器	THGL候选|item_it_mw_2h_axe_old_02
ItMw_2H_Axe_Old_03	老法官	双手武器	THGL候选|item_it_mw_2h_axe_old_03
ItMw_2H_Axe_Orc_01	克鲁什·帕克	双手武器	THGL候选|item_it_mw_2h_axe_orc_01
ItMw_2H_Axe_Orc_02	克鲁什·乌尔罗克	双手武器	THGL候选|item_it_mw_2h_axe_orc_02
ItMw_2H_Axe_Orc_03	克鲁什·阿加什	双手武器	THGL候选|item_it_mw_2h_axe_orc_03
ItMw_2H_Axe_Orc_04	克鲁什·布洛克达尔	双手武器	THGL候选|item_it_mw_2h_axe_orc_04
ItMw_2H_Axe_Orik	欧瑞克的斧头	双手武器	THGL候选|item_it_mw_2h_axe_orik
ItMw_2H_Axe_Pickaxe	镐	双手武器	THGL候选|item_it_mw_2h_axe_pickaxe
ItMw_2H_Axe_Torlof	托洛夫的斧头	双手武器	THGL候选|item_it_mw_2h_axe_torlof
ItMw_2H_Mace_Orc_01	克鲁什·卡洛克	双手武器	THGL候选|item_it_mw_2h_mace_orc_01
ItMw_2H_Scepter_Skeletonmage	法师权杖	双手武器	THGL候选|item_it_mw_2h_scepter_skeletonmage
ItMw_2H_Staff_02	审判之杖	双手武器	THGL候选|item_it_mw_2h_staff_02
ItMw_2H_Staff_Orc	格拉赫特纳克	双手武器	THGL候选|item_it_mw_2h_staff_orc
ItMw_2H_Staff_Scepter	权杖	双手武器	THGL候选|item_it_mw_2h_staff_scepter
ItMw_2H_Staff_Ulumulu	乌鲁穆鲁	双手武器	THGL候选|item_it_mw_2h_staff_ulumulu
ItMw_2H_Staff_Unorc	沙巴纳克	双手武器	THGL候选|item_it_mw_2h_staff_unorc
ItMw_2H_Sword_01	双手剑	双手武器	THGL候选|item_it_mw_2h_sword_01
ItMw_2H_Sword_02	英雄之刃	双手武器	THGL候选|item_it_mw_2h_sword_02
ItMw_2H_Sword_03	鲜血之刃	双手武器	THGL候选|item_it_mw_2h_sword_03
ItMw_2H_Sword_Beliar	贝利亚之爪	双手武器	THGL候选|item_it_mw_2h_sword_beliar
ItMw_2H_Sword_Heavy_01	重型双手剑	双手武器	THGL候选|item_it_mw_2h_sword_heavy_01
ItMw_2H_Sword_Heavy_02	狂暴钢剑	双手武器	THGL候选|item_it_mw_2h_sword_heavy_02
ItMw_2H_Sword_Heavy_03	愤怒钢剑	双手武器	THGL候选|item_it_mw_2h_sword_heavy_03
ItMw_2H_Sword_Heavy_04	复仇钢剑	双手武器	THGL候选|item_it_mw_2h_sword_heavy_04
ItMw_2H_Sword_Innos	伊诺斯之怒	双手武器	THGL候选|item_it_mw_2h_sword_innos
ItMw_2H_Sword_Light_01	轻型双手剑	双手武器	THGL候选|item_it_mw_2h_sword_light_01
ItMw_2H_Sword_Light_02	看守之剑	双手武器	THGL候选|item_it_mw_2h_sword_light_02
ItMw_2H_Sword_Light_03	佣兵之剑	双手武器	THGL候选|item_it_mw_2h_sword_light_03
ItMw_2H_Sword_Light_04	王者之剑	双手武器	THGL候选|item_it_mw_2h_sword_light_04
ItMw_2H_Sword_Light_05	恶魔剑	双手武器	THGL候选|item_it_mw_2h_sword_light_05
ItMw_2H_Sword_Old_01	生锈的双手剑	双手武器	THGL候选|item_it_mw_2h_sword_old_01
ItMw_2H_Sword_Orc_01	克鲁什·瓦罗克	双手武器	THGL候选|item_it_mw_2h_sword_orc_01
ItMw_2H_Sword_Thorus	托鲁斯的剑	双手武器	THGL候选|item_it_mw_2h_sword_thorus
ItMw_2H_Sword_Uriziel_01	奇异之剑	双手武器	THGL候选|item_it_mw_2h_sword_uriziel_01
ItMw_2H_Sword_Uriziel_02	尤里泽尔	双手武器	THGL候选|item_it_mw_2h_sword_uriziel_02
ItMw_2H_Sword_Uriziel_03	尤里泽尔	双手武器	THGL候选|item_it_mw_2h_sword_uriziel_03
ItMw_2H_Sword_Wind	红风	双手武器	THGL候选|item_it_mw_2h_sword_wind
ItRw_Bow_Diego	迪亚哥的弓	弓	THGL候选|item_it_rw_bow_diego
ItRw_Bow_Long_01	长弓	弓	THGL候选|item_it_rw_bow_long_01
ItRw_Bow_Long_02	篱木弓	弓	THGL候选|item_it_rw_bow_long_02
ItRw_Bow_Long_03	柳木弓	弓	THGL候选|item_it_rw_bow_long_03
ItRw_Bow_Long_04	橡木弓	弓	THGL候选|item_it_rw_bow_long_04
ItRw_Bow_Long_05	碎狼弓	弓	THGL候选|item_it_rw_bow_long_05
ItRw_Bow_Long_06	破风弓	弓	THGL候选|item_it_rw_bow_long_06
ItRw_Bow_Long_07	陆军弓	弓	THGL候选|item_it_rw_bow_long_07
ItRw_Bow_Long_08	角弓	弓	THGL候选|item_it_rw_bow_long_08
ItRw_Bow_Long_09	猎弓	弓	THGL候选|item_it_rw_bow_long_09
ItRw_Bow_Long_10	汉诺的柳木弓	弓	THGL候选|item_it_rw_bow_long_10
ItRw_Bow_Long_11	汉诺的橡木弓	弓	THGL候选|item_it_rw_bow_long_11
ItRw_Bow_Long_12	汉诺的铁木弓	弓	THGL候选|item_it_rw_bow_long_12
ItRw_Bow_Small_01	短弓	弓	THGL候选|item_it_rw_bow_small_01
ItRw_Bow_Small_02	骑士之弓	弓	THGL候选|item_it_rw_bow_small_02
ItRw_Bow_Small_03	野战弓	弓	THGL候选|item_it_rw_bow_small_03
ItRw_Bow_Small_04	狩猎弓	弓	THGL候选|item_it_rw_bow_small_04
ItRw_Bow_Small_05	骨弓	弓	THGL候选|item_it_rw_bow_small_05
ItRw_Bow_War_01	战弓	弓	THGL候选|item_it_rw_bow_war_01
ItRw_Bow_War_02	追猎兽族之弓	弓	THGL候选|item_it_rw_bow_war_02
ItRw_Bow_War_03	风暴弓	弓	THGL候选|item_it_rw_bow_war_03
ItRw_Bow_War_04	恶魔弓	弓	THGL候选|item_it_rw_bow_war_04
ItRw_Bow_War_05	死亡之弓	弓	THGL候选|item_it_rw_bow_war_05
ItRw_Bow_Wolf	狼之弓	弓	THGL候选|item_it_rw_bow_wolf
ItRw_Crossbow_01	轻弩	弓	THGL候选|item_it_rw_crossbow_01
ItRw_Crossbow_02	弩	弓	THGL候选|item_it_rw_crossbow_02
ItRw_Crossbow_03	重弩	弓	THGL候选|item_it_rw_crossbow_03
ItRw_Crossbow_04	战争之弩	弓	THGL候选|item_it_rw_crossbow_04
